Fold,Precision,Recall,F1-score,Roc_auc_score
1.0,0.0,0.0,0.0,0.5
2.0,0.0,0.0,0.0,0.5
3.0,0.0,0.0,0.0,0.4999251833009128
4.0,0.0,0.0,0.0,0.5
5.0,0.0,0.0,0.0,0.5
Mean,0.0,0.0,0.0,0.49998503666018257
Std,0.0,0.0,0.0,2.9926679634884044e-05
