Fold,Precision,Recall,F1-score,Roc_auc_score
1.0,0.15945330296127563,0.3626943005181347,0.22151898734177217,0.6537397882958771
2.0,0.13921113689095127,0.31088082901554404,0.1923076923076923,0.6276834191464074
3.0,0.15602836879432624,0.34196891191709844,0.21428571428571427,0.6442748943844058
4.0,0.16113744075829384,0.35233160621761656,0.2211382113821138,0.6496767279816008
5.0,0.13975903614457832,0.3005181347150259,0.19078947368421054,0.6235455085427868
Mean,0.15111785710988507,0.33367875647668394,0.2080080158003006,0.6397840676702156
Std,0.009641344710421018,0.02399137181925435,0.013691867927065334,0.012024232932096734
