Fold,Precision,Recall,F1-score,Roc_auc_score
1.0,0.0,0.0,0.0,0.5
2.0,0.0,0.0,0.0,0.5
3.0,0.6666666666666666,0.010362694300518135,0.02040816326530612,0.5051065304511719
4.0,0.0,0.0,0.0,0.5
5.0,0.0,0.0,0.0,0.5
Mean,0.13333333333333333,0.002072538860103627,0.004081632653061224,0.5010213060902344
Std,0.26666666666666666,0.0041450777202072546,0.008163265306122448,0.0020426121804687724
